,album,title,year
0,Haydi Sansim / Gel Bana,Haydi Sansim,1975
1,Haydi Sansim / Gel Bana,Gel Bana,1975
0,Kusura Bakma / Yaşanmamış Yıllar,Kusura Bakma,1976
1,Kusura Bakma / Yaşanmamış Yıllar,Yaşanmamış Yıllar (Утеха),1976
0,Allahaısmarladık / Kac Yıl Gecti Aradan,Allahaısmarladık,1977
1,Allahaısmarladık / Kac Yıl Gecti Aradan,Kac Yıl Gecti Aradan,1977
0,Kaybolan Yıllar / Neye Yarar,Kaybolan Yıllar,1977
1,Kaybolan Yıllar / Neye Yarar,Neye Yarar,1977
0,Allahaısmarladık,Allahaısmarladık,1977
1,Allahaısmarladık,Kendi Kendime,1977
2,Allahaısmarladık,Haydi Söyle (Spiti Mou Spitaki Mou),1977
3,Allahaısmarladık,Uzun Lafın Kısası,1977
4,Allahaısmarladık,Seni Gidi Vurdumduymaz,1977
5,Allahaısmarladık,Geçen Yaz,1977
6,Allahaısmarladık,Gözlerindeki Bulut,1977
7,Allahaısmarladık,Söyle Kimsin?,1977
8,Allahaısmarladık,Alev Alev,1977
9,Allahaısmarladık,Olmaz Olsun,1977
0,Olmaz Olsun / Seni Gidi Vurdumduymaz,Olmaz Olsun,1977
1,Olmaz Olsun / Seni Gidi Vurdumduymaz,Seni Gidi Vurdumduymaz,1977
0,Gölge Etme / Aşk ,Gölge Etme ,1978
1,Gölge Etme / Aşk ,Aşk ,1978
0,Serçe,İçime Sinmiyor,1978
1,Serçe,Minik Serçe,1978
2,Serçe,Sen,1978
3,Serçe,Gölge Etme,1978
4,Serçe,Gün Gelir,1978
5,Serçe,Yorgun Akşamlar,1978
6,Serçe,Sızı,1978
7,Serçe,Çoçuk Ve Dev,1978
8,Serçe,Kaybolan Yıllar,1978
9,Serçe,Gelen Gideni Aratır,1978
10,Serçe,Kaç Yıl Geçti Aradan,1978
11,Serçe,Aşk,1978
12,Serçe,Kime Kalmış Bu Dünya,1978
13,Serçe,Neye Yarar,1978
14,Serçe,Ben Dul Bir Kadınım,1978
15,Serçe,Ud Taksimi,1978
16,Serçe,Ölürsem Yazıktır,1978
17,Serçe,Olmaz İlaç,1978
18,Serçe,Akasyalar Açarken,1978
19,Serçe,Silemezler Gönlümden,1978
20,Serçe,Karam,1978
0,İlk Gün Gibi / Yalancı,İlk Gün Gibi,1979
1,İlk Gün Gibi / Yalancı,Yalancı,1979
0,Allahaskina / Sensiz Icime Sinmiyor,Allahaskina,1979
1,Allahaskina / Sensiz Icime Sinmiyor,Sensiz Icime Sinmiyor,1979
0,Sezen Aksu,Icime Sinmiyor,1980
1,Sezen Aksu,Minik Serce,1980
2,Sezen Aksu,Sen Yillar Once,1980
3,Sezen Aksu,Golge Etme,1980
4,Sezen Aksu,Gun Gelir,1980
5,Sezen Aksu,Yorgun Aksamlar,1980
6,Sezen Aksu,Sizim Sizim Sizlar Icim,1980
7,Sezen Aksu,Cocuk Ve Dev,1980
8,Sezen Aksu,Kaybolan Yillar,1980
9,Sezen Aksu,Gelen Gideni Aratir,1980
0,Sevgilerimle,Dört Günlük Bir Şey,1980
1,Sevgilerimle,Küçük Yaz Çiçeği,1980
2,Sevgilerimle,Uzaklarda Bir Çizgide,1980
3,Sevgilerimle,Sürüklüyorum Çaresizliğimi,1980
4,Sevgilerimle,Bir Acı Kahvenin,1980
5,Sevgilerimle,Hani,1980
6,Sevgilerimle,Dilimin Ucunda Kelimeler,1980
7,Sevgilerimle,Sensizim,1980
8,Sevgilerimle,Çocuk,1980
9,Sevgilerimle,Hata,1980
0,Ağlamak Güzeldir,A,1981
1,Ağlamak Güzeldir,Düşünce,1981
2,Ağlamak Güzeldir,Ağlamak Güzeldir,1981
3,Ağlamak Güzeldir,Yak Bir Sigara,1981
4,Ağlamak Güzeldir,Köprü,1981
5,Ağlamak Güzeldir,Yalnız Kullar (Tanrım),1981
6,Ağlamak Güzeldir,B,1981
7,Ağlamak Güzeldir,En Uzun Gece,1981
8,Ağlamak Güzeldir,Biliyorsun,1981
9,Ağlamak Güzeldir,Ben Her Bahar Aşık Olurum,1981
10,Ağlamak Güzeldir,Lunapark,1981
11,Ağlamak Güzeldir,Hoşgörü,1981
0,Firuze,Firuze,1982
1,Firuze,Ayrılıklar Bitmez,1982
2,Firuze,Neredesiniz?,1982
3,Firuze,İkinci Bahar,1982
4,Firuze,Düm Tek,1982
5,Firuze,Zelzele,1982
6,Firuze,Bazen,1982
7,Firuze,Zavallı Bir Gece,1982
8,Firuze,Şöyle Yürekli Bir Sevda,1982
9,Firuze,Bir Zamanlar Deli Gönlüm,1982
0,Heyamola / Istanbul Bogazi,Heyamola,1983
1,Heyamola / Istanbul Bogazi,Istanbul Bogazi,1983
0,Sen Ağlama,Sen Ağlama,1984
1,Sen Ağlama,Haydi Gel Benimle Ol,1984
2,Sen Ağlama,Geri Dön,1984
3,Sen Ağlama,Yeter,1984
4,Sen Ağlama,Bu Gece,1984
5,Sen Ağlama,Dağlar Dağlar,1984
6,Sen Ağlama,Çocuklar Gibi,1984
7,Sen Ağlama,Tükeneceğiz,1984
8,Sen Ağlama,Bir Başka Aşk,1984
9,Sen Ağlama,Bindokuzyüzkırkbeş,1984
0,Git...,Değer Mi?,1986
1,Git...,Git,1986
2,Git...,Kolay Değil,1986
3,Git...,Beni Unutma,1986
4,Git...,Ünzile,1986
5,Git...,Sonbahar,1986
6,Git...,Ali,1986
7,Git...,Ah Mazi!...,1986
8,Git...,Yalnızca Sitem,1986
0,Sezen Aksu '88,Sarışım,1988
1,Sezen Aksu '88,Geçer,1988
2,Sezen Aksu '88,Sultan Süleyman,1988
3,Sezen Aksu '88,El Gibi,1988
4,Sezen Aksu '88,Unut,1988
5,Sezen Aksu '88,Oldu Mu?,1988
6,Sezen Aksu '88,Kavaklar,1988
7,Sezen Aksu '88,Bir Çocuk Sevdim,1988
8,Sezen Aksu '88,Hasret,1988
9,Sezen Aksu '88,Bir Kuş Uçur,1988
10,Sezen Aksu '88,Hayır,1988
11,Sezen Aksu '88,Seni İstiyorum,1988
0,Minik Serce / Firuze,Firuze,1989
1,Minik Serce / Firuze,Minik Serce,1989
2,Minik Serce / Firuze,Yorgun Aksamlar ,1989
3,Minik Serce / Firuze,Ayriuliklar Bitmez,1989
4,Minik Serce / Firuze,Neredesiniz ,1989
5,Minik Serce / Firuze,Ikinci Bahar,1989
6,Minik Serce / Firuze,Dumtek,1989
7,Minik Serce / Firuze,Zavalli Bir Gece,1989
8,Minik Serce / Firuze,Sensiz Icime Sinmiyor,1989
9,Minik Serce / Firuze,Kime Kalmis Bu Dunya,1989
10,Minik Serce / Firuze,Zelzele,1989
11,Minik Serce / Firuze,Bazen,1989
12,Minik Serce / Firuze,Keşke,1989
13,Minik Serce / Firuze,Soyle Yurekli Bir Sevda,1989
14,Minik Serce / Firuze,Beni Unutma,1989
15,Minik Serce / Firuze,Bir Zamanlar Deli Gonlum,1989
16,Minik Serce / Firuze,Yalniz Kullar,1989
17,Minik Serce / Firuze,İlk Gün Gibi,1989
18,Minik Serce / Firuze,Yalancı,1989
0,Sezen Aksu Söylüyor,Bırak Beni,1989
1,Sezen Aksu Söylüyor,Şinanay,1989
2,Sezen Aksu Söylüyor,Gidiyorum,1989
3,Sezen Aksu Söylüyor,Son Bakış,1989
4,Sezen Aksu Söylüyor,Yıllar Sonra,1989
5,Sezen Aksu Söylüyor,Beni Katerorize Etme,1989
6,Sezen Aksu Söylüyor,Belalım,1989
7,Sezen Aksu Söylüyor,Kış Masalı,1989
8,Sezen Aksu Söylüyor,Aynalar,1989
9,Sezen Aksu Söylüyor,İstanbul Hatırası,1989
10,Sezen Aksu Söylüyor,Zor Yıllar,1989
11,Sezen Aksu Söylüyor,Gamsız,1989
0,Kaçıp Gitti Ellerimden,Kacip Gitti Ellerimden ,1990
1,Kaçıp Gitti Ellerimden,Aglamak Güzeldir ,1990
2,Kaçıp Gitti Ellerimden,Düs Misali Gözlerimde ,1990
3,Kaçıp Gitti Ellerimden,En Uzun Gece ,1990
4,Kaçıp Gitti Ellerimden,Biliyorsun,1990
5,Kaçıp Gitti Ellerimden,Yak Bir Sigara ,1990
6,Kaçıp Gitti Ellerimden,Her Bahar ,1990
7,Kaçıp Gitti Ellerimden,Tanrim,1990
8,Kaçıp Gitti Ellerimden,Hosgörü,1990
9,Kaçıp Gitti Ellerimden,Kaybolan Yillar ,1990
10,Kaçıp Gitti Ellerimden,Ben Dul Bir Kadinim ,1990
11,Kaçıp Gitti Ellerimden,Sen Yillar Önce ,1990
12,Kaçıp Gitti Ellerimden,Ask,1990
13,Kaçıp Gitti Ellerimden,Sizlar Icim ,1990
14,Kaçıp Gitti Ellerimden,Gelen Gideni Aratir ,1990
15,Kaçıp Gitti Ellerimden,Icime Sinmiyor ,1990
16,Kaçıp Gitti Ellerimden,Kac Yil Gecti Aradan ,1990
17,Kaçıp Gitti Ellerimden,Gölge Etme ,1990
18,Kaçıp Gitti Ellerimden,Neye Yarar ,1990
0,Klasikleri (Git / '88 / Söylüyor),CD1 Sezen Aksu Git... (1986),1990
1,Klasikleri (Git / '88 / Söylüyor),Değer Mi?,1990
2,Klasikleri (Git / '88 / Söylüyor),Git,1990
3,Klasikleri (Git / '88 / Söylüyor),Beni Unutma,1990
4,Klasikleri (Git / '88 / Söylüyor),Kolay Değil,1990
5,Klasikleri (Git / '88 / Söylüyor),Ünzile,1990
6,Klasikleri (Git / '88 / Söylüyor),Sonbahar,1990
7,Klasikleri (Git / '88 / Söylüyor),Ali,1990
8,Klasikleri (Git / '88 / Söylüyor),Ah Mazi,1990
9,Klasikleri (Git / '88 / Söylüyor),Yalnızca Sitem,1990
10,Klasikleri (Git / '88 / Söylüyor),CD2  Sezen Aksu '88 (1988),1990
11,Klasikleri (Git / '88 / Söylüyor),Sarışınım,1990
12,Klasikleri (Git / '88 / Söylüyor),Geçer,1990
13,Klasikleri (Git / '88 / Söylüyor),Sultan Süleyman,1990
14,Klasikleri (Git / '88 / Söylüyor),El Gibi,1990
15,Klasikleri (Git / '88 / Söylüyor),Unut,1990
16,Klasikleri (Git / '88 / Söylüyor),Oldu Mu?,1990
17,Klasikleri (Git / '88 / Söylüyor),Kavaklar,1990
18,Klasikleri (Git / '88 / Söylüyor),Bir Çocuk Sevdim,1990
19,Klasikleri (Git / '88 / Söylüyor),Hasret,1990
20,Klasikleri (Git / '88 / Söylüyor),Bir Kuş Uçur (Hep Karanlık),1990
21,Klasikleri (Git / '88 / Söylüyor),Hayır,1990
22,Klasikleri (Git / '88 / Söylüyor),Seni İstiyorum,1990
23,Klasikleri (Git / '88 / Söylüyor),CD3  Sezen Aksu Söylüyor (1989),1990
24,Klasikleri (Git / '88 / Söylüyor),Bırak Beni,1990
25,Klasikleri (Git / '88 / Söylüyor),Şinanay,1990
26,Klasikleri (Git / '88 / Söylüyor),Gidiyorum,1990
27,Klasikleri (Git / '88 / Söylüyor),Son Bakış,1990
28,Klasikleri (Git / '88 / Söylüyor),Yıllar Sonra,1990
29,Klasikleri (Git / '88 / Söylüyor),Beni Kategorize Etme,1990
30,Klasikleri (Git / '88 / Söylüyor),Belalım,1990
31,Klasikleri (Git / '88 / Söylüyor),Kış Masalı,1990
32,Klasikleri (Git / '88 / Söylüyor),Aynalar,1990
33,Klasikleri (Git / '88 / Söylüyor),İstanbul Hatırası,1990
34,Klasikleri (Git / '88 / Söylüyor),Zor Yıllar,1990
35,Klasikleri (Git / '88 / Söylüyor),Gamsız,1990
0,Gülümse,Hadi Bakalım,1991
1,Gülümse,Tutsak,1991
2,Gülümse,Ne Kavgam Bitti Ne Sevdam,1991
3,Gülümse,Gülümse,1991
4,Gülümse,Güllerim Soldu,1991
5,Gülümse,Vazgeçtim,1991
6,Gülümse,Her Şeyi Yak,1991
7,Gülümse,Namus,1991
8,Gülümse,Seni Kimler Aldı,1991
9,Gülümse,Değer Mi,1991
0,Hadi Bakalim,Hadi Bakalim (Mega 12'' Version),1992
1,Hadi Bakalim,Hadi Bakalim (Single Version),1992
2,Hadi Bakalim,Hadi Bakalim (Instrumental Version),1992
3,Hadi Bakalim,Hadi Bakalim (12'' Version),1992
0,Deli Kızın Türküsü,Sude,1993
1,Deli Kızın Türküsü,Masum Değiliz,1993
2,Deli Kızın Türküsü,Adem Olan Anlar,1993
3,Deli Kızın Türküsü,Deli Kızın Türküsü,1993
4,Deli Kızın Türküsü,Kalbim Ege'de Kaldı,1993
5,Deli Kızın Türküsü,Dert Faslı,1993
6,Deli Kızın Türküsü,Tenna,1993
7,Deli Kızın Türküsü,Dua,1993
8,Deli Kızın Türküsü,Gözlerine Göz Değmiş,1993
9,Deli Kızın Türküsü,"Homini, Pufidi, Tumba",1993
10,Deli Kızın Türküsü,Aşkları Da Vururlar,1993
11,Deli Kızın Türküsü,Küçüğüm,1993
0,Sude,Sude (Remix),1994
1,Sude,Sude (Original),1994
2,Sude,Belalim,1994
0,Işık Doğudan Yükselir 'Ex Oriente Lux',Işık Doğudan Yükselir,1995
1,Işık Doğudan Yükselir 'Ex Oriente Lux',Davet,1995
2,Işık Doğudan Yükselir 'Ex Oriente Lux',Son Sardunyalar,1995
3,Işık Doğudan Yükselir 'Ex Oriente Lux',Alâturka,1995
4,Işık Doğudan Yükselir 'Ex Oriente Lux',Yaktılar Halim'imi,1995
5,Işık Doğudan Yükselir 'Ex Oriente Lux',Rakkas,1995
6,Işık Doğudan Yükselir 'Ex Oriente Lux',Onu Alma Beni Al,1995
7,Işık Doğudan Yükselir 'Ex Oriente Lux',Yeniliğe Doğru,1995
8,Işık Doğudan Yükselir 'Ex Oriente Lux',Ne Ağlarsın,1995
9,Işık Doğudan Yükselir 'Ex Oriente Lux',Ben Annemi İsterim,1995
10,Işık Doğudan Yükselir 'Ex Oriente Lux',Var Git Turnam,1995
11,Işık Doğudan Yükselir 'Ex Oriente Lux',Lâ İlâhe İllallah,1995
0,Düş Bahçeleri,Seni Yerler,1996
1,Düş Bahçeleri,Yarası Saklım,1996
2,Düş Bahçeleri,Bile Bile,1996
3,Düş Bahçeleri,Kaçın Kurası,1996
4,Düş Bahçeleri,Le Le Le,1996
5,Düş Bahçeleri,Yalnızlık Senfonisi,1996
6,Düş Bahçeleri,Düş Bahçeleri,1996
7,Düş Bahçeleri,İki Gözüm,1996
8,Düş Bahçeleri,Zalim (Bayatılar),1996
9,Düş Bahçeleri,Onursuz Olmasın Aşk,1996
10,Düş Bahçeleri,Rakkas (Remix 1),1996
0,Sezence,İşte Biz O Gün Tükeneceğiz (Şiirli),1996
1,Sezence,Haydi Gel Benimle Ol,1996
2,Sezence,Beni Unutma (Şiirli),1996
3,Sezence,Değermi Hiç,1996
4,Sezence,Yeter,1996
5,Sezence,Sen Ağlama (Şiirli),1996
6,Sezence,Kolay Değil,1996
7,Sezence,Git (Şiirli),1996
8,Sezence,Benim Meskenim,1996
9,Sezence,Geri Dön (Şiirli),1996
0,Beni Sevenlere,Deǧermi Hiç?,1997
1,Beni Sevenlere,Ne Olur,1997
2,Beni Sevenlere,Martı,1997
3,Beni Sevenlere,Ali,1997
4,Beni Sevenlere,Senin Gibi,1997
5,Beni Sevenlere,Dayanamam,1997
6,Beni Sevenlere,Başka Başka Yaǧmur,1997
7,Beni Sevenlere,Mazi,1997
8,Beni Sevenlere,Maske,1997
9,Beni Sevenlere,Yaşanmıyor,1997
10,Beni Sevenlere,Birgün,1997
11,Beni Sevenlere,Başka Aşk,1997
0,Klasikler,Namus,1997
1,Klasikler,Daglar Daglar,1997
2,Klasikler,Cocuklar Gibi,1997
3,Klasikler,Kolay Degil,1997
4,Klasikler,Ali,1997
5,Klasikler,Güllerim Soldu,1997
6,Klasikler,Beni Unutma,1997
7,Klasikler,Kolay Degil,1997
8,Klasikler,Ünzile,1997
9,Klasikler,Sonbahar,1997
0,Sezen'le Basbasa (Klasikleri),Deǧermi Hiç?,1997
1,Sezen'le Basbasa (Klasikleri),Beni Birak,1997
2,Sezen'le Basbasa (Klasikleri),Sarisinim,1997
3,Sezen'le Basbasa (Klasikleri),Seni Seviyorum,1997
4,Sezen'le Basbasa (Klasikleri),Sultan Suleyman,1997
5,Sezen'le Basbasa (Klasikleri),Bir Cocuk Sevdim,1997
6,Sezen'le Basbasa (Klasikleri),Sinanay,1997
7,Sezen'le Basbasa (Klasikleri),Belalim,1997
8,Sezen'le Basbasa (Klasikleri),Beni Kategorize Etme,1997
9,Sezen'le Basbasa (Klasikleri),Git,1997
10,Sezen'le Basbasa (Klasikleri),Kolay Degil,1997
11,Sezen'le Basbasa (Klasikleri),Unut,1997
0,Düğün Ve Cenaze,O Sensin,1997
1,Düğün Ve Cenaze,Allahın Varsa,1997
2,Düğün Ve Cenaze,Kasım Yağmurları,1997
3,Düğün Ve Cenaze,Hıdrellez,1997
4,Düğün Ve Cenaze,Düğün,1997
5,Düğün Ve Cenaze,Erkekler,1997
6,Düğün Ve Cenaze,Gül,1997
7,Düğün Ve Cenaze,Helal Ettim Hakkımı,1997
8,Düğün Ve Cenaze,Ayışığı,1997
9,Düğün Ve Cenaze,Kalaşnikof,1997
0,Erkekler,Erkekler - Green Thought (Etnik Mix-Radio Edit),1998
1,Erkekler,Erkekler - Green Thought (Ambient Mix),1998
2,Erkekler,Helal Ettim Hakkımı - Radilota (Albüm Versiyonu),1998
0,Cumartesi Türküsü,Cumartesi Türküsü ,1998
1,Cumartesi Türküsü,Cumatresi Türküsü (Instrumental),1998
2,Cumartesi Türküsü,,1998
3,Cumartesi Türküsü,,1998
0,Adı Bende Saklı,Ud Taksim,1998
1,Adı Bende Saklı,Tutuklu,1998
2,Adı Bende Saklı,Kaderim,1998
3,Adı Bende Saklı,Hazan,1998
4,Adı Bende Saklı,Erkek Güzeli,1998
5,Adı Bende Saklı,Kusura Bakma,1998
6,Adı Bende Saklı,Ruhuma Asla,1998
7,Adı Bende Saklı,Adı Bende Saklı (Eclipse),1998
8,Adı Bende Saklı,Ben Sevdalı Sen Belalı,1998
9,Adı Bende Saklı,Şimal Yıldızı,1998
10,Adı Bende Saklı,Yola Çıkmalı,1998
11,Adı Bende Saklı,İnce Mevzu,1998
12,Adı Bende Saklı,Denge,1998
13,Adı Bende Saklı,CD Ekstra,1998
14,Adı Bende Saklı,Adı Menekşe,1998
15,Adı Bende Saklı,Ruhuma Asla (Remiks),1998
0,Sarı Odalar (Ben Seni Çok Sevdim Oğlum),Sarı Odalar (Trompet Intro),1999
1,Sarı Odalar (Ben Seni Çok Sevdim Oğlum),Sarı Odalar (Full Version),1999
2,Sarı Odalar (Ben Seni Çok Sevdim Oğlum),Sarı Odalar (Trip Mix),1999
3,Sarı Odalar (Ben Seni Çok Sevdim Oğlum),Sarı Odalar (Enstrümantal),1999
0,The Best of Sezen Aksu,Ikinci Bahar,1999
1,The Best of Sezen Aksu,Beni Unutma,1999
2,The Best of Sezen Aksu,En Uzun Gece,1999
3,The Best of Sezen Aksu,Kac Yil Gecti,1999
4,The Best of Sezen Aksu,Yak Bir Sigara,1999
5,The Best of Sezen Aksu,Ask,1999
6,The Best of Sezen Aksu,Her Bahar,1999
7,The Best of Sezen Aksu,Ayrilik Bitmez,1999
8,The Best of Sezen Aksu,Birzamanlar,1999
9,The Best of Sezen Aksu,Düsünce,1999
10,The Best of Sezen Aksu,Köprü,1999
11,The Best of Sezen Aksu,Gelen Gideni Aratti,1999
12,The Best of Sezen Aksu,Sizlar Icim,1999
0,Unutulmayan Hatiralar,Sinanay,2000
1,Unutulmayan Hatiralar,Gidiyorum,2000
2,Unutulmayan Hatiralar,Sarisinim,2000
3,Unutulmayan Hatiralar,Yanarim,2000
4,Unutulmayan Hatiralar,Zor Yillar,2000
5,Unutulmayan Hatiralar,Bu Da Gecer,2000
6,Unutulmayan Hatiralar,Sultan Süleyman,2000
7,Unutulmayan Hatiralar,Sen Aglama,2000
8,Unutulmayan Hatiralar,Firuze,2000
9,Unutulmayan Hatiralar,Geri Dön,2000
10,Unutulmayan Hatiralar,Git,2000
11,Unutulmayan Hatiralar,Deger Mi Hic,2000
0,İlk Günkü Gibi,İlk Gün Gibi,2000
1,İlk Günkü Gibi,Yalancı,2000
2,İlk Günkü Gibi,Cek Git Artik,2000
3,İlk Günkü Gibi,Alev Alev,2000
4,İlk Günkü Gibi,Kime Bu Özlem,2000
5,İlk Günkü Gibi,Kaybolan Yillar,2000
6,İlk Günkü Gibi,Sen Yasama Sevincim,2000
7,İlk Günkü Gibi,Yine Aksam Oluyor,2000
8,İlk Günkü Gibi,Kime Kalmis Bu Dünya,2000
9,İlk Günkü Gibi,Gün Gelir,2000
10,İlk Günkü Gibi,Dul Bir Kadin,2000
11,İlk Günkü Gibi,Cek Git Yoluna,2000
12,İlk Günkü Gibi,Yeseren Toprak,2000
13,İlk Günkü Gibi,Acikca Konusmali,2000
14,İlk Günkü Gibi,Karsi Koymak Neye Yarar,2000
15,İlk Günkü Gibi,Ölürsem Yaziktir (Sanat Müzigi),2000
0,Deliveren,Deliveren,2000
1,Deliveren,Oh Oh,2000
2,Deliveren,Kahpe Kader,2000
3,Deliveren,Keskin Bıçak,2000
4,Deliveren,Rumeli Havası,2000
5,Deliveren,Gidiyorum Bu Şehirden,2000
6,Deliveren,O-kudum-da,2000
7,Deliveren,Yine Mi Çiçek? (The Invisible Man),2000
8,Deliveren,Hoş Geldin (The Long Goodbye),2000
9,Deliveren,Sarı Odalar,2000
10,Deliveren,Yalancı Dünya,2000
11,Deliveren,Hayat Sana Teşekkür Ederim,2000
0,Remix Maxi Single,Kahpe Kader (Kıvanch K. Full Vox),2001
1,Remix Maxi Single,Oh Oh (Kıvanch K. Full Vox),2001
2,Remix Maxi Single,Kahpe Kader (Kıvanch K. Club Mix),2001
3,Remix Maxi Single,Oh Oh (Kıvanch K. Club Mix),2001
0,Şarkı Söylemek Lazım,Şarkı Söylemek Lazım,2002
1,Şarkı Söylemek Lazım,İstanbul İstanbul Olalı,2002
2,Şarkı Söylemek Lazım,Savaşma Seviş Benimle,2002
3,Şarkı Söylemek Lazım,Su Gibi,2002
4,Şarkı Söylemek Lazım,Nihayet,2002
5,Şarkı Söylemek Lazım,Seni İstiyorum,2002
6,Şarkı Söylemek Lazım,Dansöz Dünya,2002
7,Şarkı Söylemek Lazım,Tanrı İstemezse,2002
8,Şarkı Söylemek Lazım,Güngörmemişler,2002
9,Şarkı Söylemek Lazım,Şen Şarkı,2002
10,Şarkı Söylemek Lazım,Deli Gönlüm,2002
11,Şarkı Söylemek Lazım,Kıran Kırana,2002
12,Şarkı Söylemek Lazım,Ablam Aşktan Öldü,2002
13,Şarkı Söylemek Lazım,Dansöz Dünya [2. Version],2002
0,Farkındayım,Farkındayım,2003
0,Yaz Bitmeden,Yaz,2003
1,Yaz Bitmeden,Farkındayım (Kıvanch K Mix),2003
2,Yaz Bitmeden,Aşktan Ne Haber?,2003
3,Yaz Bitmeden,Şu Saniye,2003
4,Yaz Bitmeden,Arka Sokaklar (Backstreets Mix),2003
5,Yaz Bitmeden,Karşı Pencere,2003
6,Yaz Bitmeden,Oyalanma,2003
7,Yaz Bitmeden,Yaz (Akustik),2003
8,Yaz Bitmeden,Farkındayım,2003
9,Yaz Bitmeden,Şu Saniye (Trip Mix),2003
10,Yaz Bitmeden,Oyalanma (Enstrümantal),2003
11,Yaz Bitmeden,Şu Saniye (World Dub),2003
12,Yaz Bitmeden,Farkındayım (Enstrümantal) Hidden Track,2003
0,Bahane,Bahane,2005
1,Bahane,"Eskidendi, Çok Eskidendi",2005
2,Bahane,Perişanım Şimdi,2005
3,Bahane,"Yanmışım, Sönmüşüm Ben",2005
4,Bahane,Pişman Olduğun Zaman,2005
5,Bahane,İkili Delilik,2005
6,Bahane,Kalp Unutmaz,2005
7,Bahane,Herkes Yaralı,2005
8,Bahane,Şanıma İnanma,2005
9,Bahane,Geçiyor Bizden De,2005
10,Bahane,Tebdil-i Mekan,2005
11,Bahane,Hükümsüz (Dünya Yıkılsa),2005
12,Bahane,Ahdım Olsun,2005
13,Bahane,Kınalı Kuzum,2005
14,Bahane,Çile,2005
15,Bahane,Şanıma İnanma (Kıvanch K Versiyon),2005
0,Kardelen,Kapalıyız (Kıvanch K. Mix),2005
1,Kardelen,Gidemem,2005
2,Kardelen,Kardelen (Kıvanch K. Mix),2005
3,Kardelen,Ünzile,2005
4,Kardelen,Kapalıyız (Orijinal Mix),2005
5,Kardelen,Kardelen (Orijinal Mix),2005
6,Kardelen,Ünzile (Enstrümantal),2005
7,Kardelen,Kardelen (Club Mix),2005
0,Kaybolmayan Yillar / Arsiv Serisi / P&G 20.Yil,CD 01:  Allahaısmarladık (1977) + 45'likler (1976 - 1979),2007
1,Kaybolmayan Yillar / Arsiv Serisi / P&G 20.Yil,Allahaısmarladık,2007
2,Kaybolmayan Yillar / Arsiv Serisi / P&G 20.Yil,Kendi Kendime,2007
3,Kaybolmayan Yillar / Arsiv Serisi / P&G 20.Yil,Haydi Söyle,2007
4,Kaybolmayan Yillar / Arsiv Serisi / P&G 20.Yil,Uzun Lafın Kısası,2007
5,Kaybolmayan Yillar / Arsiv Serisi / P&G 20.Yil,Seni Gidi Vurdumduymaz,2007
6,Kaybolmayan Yillar / Arsiv Serisi / P&G 20.Yil,Gecen Yaz,2007
7,Kaybolmayan Yillar / Arsiv Serisi / P&G 20.Yil,Gözlerindeki Bulut,2007
8,Kaybolmayan Yillar / Arsiv Serisi / P&G 20.Yil,Söyle Kimsin,2007
9,Kaybolmayan Yillar / Arsiv Serisi / P&G 20.Yil,Alev Alev,2007
10,Kaybolmayan Yillar / Arsiv Serisi / P&G 20.Yil,Olmaz Olsun,2007
11,Kaybolmayan Yillar / Arsiv Serisi / P&G 20.Yil,Allahaşkına (1979 45'lik -2 - A),2007
12,Kaybolmayan Yillar / Arsiv Serisi / P&G 20.Yil,Ilk Gün Gibi (1979 45'lik -1 - A),2007
13,Kaybolmayan Yillar / Arsiv Serisi / P&G 20.Yil,Yalanci (1979 45'lik -1-B),2007
14,Kaybolmayan Yillar / Arsiv Serisi / P&G 20.Yil,Kusura Bakma (1979 45'lik - A),2007
15,Kaybolmayan Yillar / Arsiv Serisi / P&G 20.Yil,Yasanmamıs Yıllar (1979 45'lik - B),2007
16,Kaybolmayan Yillar / Arsiv Serisi / P&G 20.Yil,CD 02:  Git... (1986),2007
17,Kaybolmayan Yillar / Arsiv Serisi / P&G 20.Yil,Değer Mi?,2007
18,Kaybolmayan Yillar / Arsiv Serisi / P&G 20.Yil,Git ...,2007
19,Kaybolmayan Yillar / Arsiv Serisi / P&G 20.Yil,Beni Unutma,2007
20,Kaybolmayan Yillar / Arsiv Serisi / P&G 20.Yil,Kolay Değil,2007
21,Kaybolmayan Yillar / Arsiv Serisi / P&G 20.Yil,Ünzile,2007
22,Kaybolmayan Yillar / Arsiv Serisi / P&G 20.Yil,Sonbahar ,2007
23,Kaybolmayan Yillar / Arsiv Serisi / P&G 20.Yil,Ali ,2007
24,Kaybolmayan Yillar / Arsiv Serisi / P&G 20.Yil,Ah Mazi,2007
25,Kaybolmayan Yillar / Arsiv Serisi / P&G 20.Yil,Yanlızca Sitem,2007
26,Kaybolmayan Yillar / Arsiv Serisi / P&G 20.Yil,Seni Istiyorum,2007
27,Kaybolmayan Yillar / Arsiv Serisi / P&G 20.Yil,CD 03:  Sezen Aksu Söylüyor (1989),2007
28,Kaybolmayan Yillar / Arsiv Serisi / P&G 20.Yil,Bırak Beni ,2007
29,Kaybolmayan Yillar / Arsiv Serisi / P&G 20.Yil,Şinanay,2007
30,Kaybolmayan Yillar / Arsiv Serisi / P&G 20.Yil,Gidiyorum,2007
31,Kaybolmayan Yillar / Arsiv Serisi / P&G 20.Yil,Son Bakış,2007
32,Kaybolmayan Yillar / Arsiv Serisi / P&G 20.Yil,Yıllar Sonra,2007
33,Kaybolmayan Yillar / Arsiv Serisi / P&G 20.Yil,Beni Kategorize Etme,2007
34,Kaybolmayan Yillar / Arsiv Serisi / P&G 20.Yil,Belalım,2007
35,Kaybolmayan Yillar / Arsiv Serisi / P&G 20.Yil,Kış Masalı,2007
36,Kaybolmayan Yillar / Arsiv Serisi / P&G 20.Yil,Aynalar,2007
37,Kaybolmayan Yillar / Arsiv Serisi / P&G 20.Yil,Istanbul Hatırası,2007
38,Kaybolmayan Yillar / Arsiv Serisi / P&G 20.Yil,Zor Yıllar,2007
39,Kaybolmayan Yillar / Arsiv Serisi / P&G 20.Yil,Gamsız,2007
40,Kaybolmayan Yillar / Arsiv Serisi / P&G 20.Yil,CD 04:  Gülümse (1991),2007
41,Kaybolmayan Yillar / Arsiv Serisi / P&G 20.Yil,Hadi Bakalım,2007
42,Kaybolmayan Yillar / Arsiv Serisi / P&G 20.Yil,Tutsak ,2007
43,Kaybolmayan Yillar / Arsiv Serisi / P&G 20.Yil,Ne Kavgam Bitti Ne Sevdam,2007
44,Kaybolmayan Yillar / Arsiv Serisi / P&G 20.Yil,Gülümse,2007
45,Kaybolmayan Yillar / Arsiv Serisi / P&G 20.Yil,Güllerim Soldu,2007
46,Kaybolmayan Yillar / Arsiv Serisi / P&G 20.Yil,Vazgeçtim,2007
47,Kaybolmayan Yillar / Arsiv Serisi / P&G 20.Yil,Her Şeyi Yak,2007
48,Kaybolmayan Yillar / Arsiv Serisi / P&G 20.Yil,Namus,2007
49,Kaybolmayan Yillar / Arsiv Serisi / P&G 20.Yil,Seni Kimler Aldı,2007
50,Kaybolmayan Yillar / Arsiv Serisi / P&G 20.Yil,Değer Mi?,2007
51,Kaybolmayan Yillar / Arsiv Serisi / P&G 20.Yil,CD 05:  Deli Kızın Türküsü (1993),2007
52,Kaybolmayan Yillar / Arsiv Serisi / P&G 20.Yil,Sude,2007
53,Kaybolmayan Yillar / Arsiv Serisi / P&G 20.Yil,Masum Değiliz,2007
54,Kaybolmayan Yillar / Arsiv Serisi / P&G 20.Yil,Adem Olan Anlar,2007
55,Kaybolmayan Yillar / Arsiv Serisi / P&G 20.Yil,Deli Kızın Türküsü,2007
56,Kaybolmayan Yillar / Arsiv Serisi / P&G 20.Yil,Kalbim Ege'de Kaldı,2007
57,Kaybolmayan Yillar / Arsiv Serisi / P&G 20.Yil,Dert Faslı,2007
58,Kaybolmayan Yillar / Arsiv Serisi / P&G 20.Yil,Tenna,2007
59,Kaybolmayan Yillar / Arsiv Serisi / P&G 20.Yil,Dua,2007
60,Kaybolmayan Yillar / Arsiv Serisi / P&G 20.Yil,Gözlerine Göz Değmiş,2007
61,Kaybolmayan Yillar / Arsiv Serisi / P&G 20.Yil,"Homini, Pufidi, Tumba",2007
62,Kaybolmayan Yillar / Arsiv Serisi / P&G 20.Yil,Aşkları Da Vururlar,2007
63,Kaybolmayan Yillar / Arsiv Serisi / P&G 20.Yil,Küçüğüm,2007
64,Kaybolmayan Yillar / Arsiv Serisi / P&G 20.Yil,CD 06:  Deliveren (2000) ,2007
65,Kaybolmayan Yillar / Arsiv Serisi / P&G 20.Yil,Deliveren,2007
66,Kaybolmayan Yillar / Arsiv Serisi / P&G 20.Yil,Oh Oh,2007
67,Kaybolmayan Yillar / Arsiv Serisi / P&G 20.Yil,Kahpe Kader,2007
68,Kaybolmayan Yillar / Arsiv Serisi / P&G 20.Yil,Keskin Bıçak,2007
69,Kaybolmayan Yillar / Arsiv Serisi / P&G 20.Yil,Rumeli Havası,2007
70,Kaybolmayan Yillar / Arsiv Serisi / P&G 20.Yil,Gidiyorum Bu Şehirden,2007
71,Kaybolmayan Yillar / Arsiv Serisi / P&G 20.Yil,O-kudum-da,2007
72,Kaybolmayan Yillar / Arsiv Serisi / P&G 20.Yil,Yine mi Çicek,2007
73,Kaybolmayan Yillar / Arsiv Serisi / P&G 20.Yil,Hoş Geldin,2007
74,Kaybolmayan Yillar / Arsiv Serisi / P&G 20.Yil,Sarı Odalar,2007
75,Kaybolmayan Yillar / Arsiv Serisi / P&G 20.Yil,Yalancı Dünya,2007
76,Kaybolmayan Yillar / Arsiv Serisi / P&G 20.Yil,Hayat Sana Teşekkür Ederim,2007
0,Deniz Yıldızı,Deniz Yıldızı,2008
1,Deniz Yıldızı,Yol Arkadaşım,2008
2,Deniz Yıldızı,On:Ay,2008
3,Deniz Yıldızı,Hâlâ Haber Bekliyorum Senden,2008
4,Deniz Yıldızı,Kırık Vals,2008
5,Deniz Yıldızı,Güvercin,2008
6,Deniz Yıldızı,Roman,2008
7,Deniz Yıldızı,İzmir’in Kızları,2008
8,Deniz Yıldızı,Kutlama,2008
9,Deniz Yıldızı,Sor Beni,2008
10,Deniz Yıldızı,Memet,2008
11,Deniz Yıldızı,Tanrı'nın Gözyaşları,2008
12,Deniz Yıldızı,Menajer,2008
13,Deniz Yıldızı,Beşik,2008
0,Kaybolmayan Yillar / Arsiv Serisi Vol.1,01 Allahaısmarladık (1977) + 45'likler (1976 - 1979),2008
1,Kaybolmayan Yillar / Arsiv Serisi Vol.1,Allahaısmarladık,2008
2,Kaybolmayan Yillar / Arsiv Serisi Vol.1,Kendi Kendime,2008
3,Kaybolmayan Yillar / Arsiv Serisi Vol.1,Haydi Söyle,2008
4,Kaybolmayan Yillar / Arsiv Serisi Vol.1,Uzun Lafın Kısası,2008
5,Kaybolmayan Yillar / Arsiv Serisi Vol.1,Seni Gidi Vurdumduymaz,2008
6,Kaybolmayan Yillar / Arsiv Serisi Vol.1,Gecen Yaz,2008
7,Kaybolmayan Yillar / Arsiv Serisi Vol.1,Gözlerindeki Bulut,2008
8,Kaybolmayan Yillar / Arsiv Serisi Vol.1,Söyle Kimsin,2008
9,Kaybolmayan Yillar / Arsiv Serisi Vol.1,Alev Alev,2008
10,Kaybolmayan Yillar / Arsiv Serisi Vol.1,Olmaz Olsun,2008
11,Kaybolmayan Yillar / Arsiv Serisi Vol.1,Allahaşkına (1979 45'lik -2 - A),2008
12,Kaybolmayan Yillar / Arsiv Serisi Vol.1,Ilk Gün Gibi (1979 45'lik -1 - A),2008
13,Kaybolmayan Yillar / Arsiv Serisi Vol.1,Yalanci (1979 45'lik -1-B),2008
14,Kaybolmayan Yillar / Arsiv Serisi Vol.1,Kusura Bakma (1979 45'lik - A),2008
15,Kaybolmayan Yillar / Arsiv Serisi Vol.1,Yasanmamıs Yıllar (1979 45'lik - B),2008
16,Kaybolmayan Yillar / Arsiv Serisi Vol.1,02 Serçe (1978) CD-1,2008
17,Kaybolmayan Yillar / Arsiv Serisi Vol.1,Içime Sinmiyor,2008
18,Kaybolmayan Yillar / Arsiv Serisi Vol.1,Minik Serçe,2008
19,Kaybolmayan Yillar / Arsiv Serisi Vol.1,Sen,2008
20,Kaybolmayan Yillar / Arsiv Serisi Vol.1,Gölge Etme,2008
21,Kaybolmayan Yillar / Arsiv Serisi Vol.1,Gün Gelir,2008
22,Kaybolmayan Yillar / Arsiv Serisi Vol.1,Yorgun Akşamlar,2008
23,Kaybolmayan Yillar / Arsiv Serisi Vol.1,Sizi ,2008
24,Kaybolmayan Yillar / Arsiv Serisi Vol.1,Çocuk ve Dev ,2008
25,Kaybolmayan Yillar / Arsiv Serisi Vol.1,Kaybolan Yıllar,2008
26,Kaybolmayan Yillar / Arsiv Serisi Vol.1,Gelen Gideni Aratır ,2008
27,Kaybolmayan Yillar / Arsiv Serisi Vol.1,02 Serçe (1978) CD-2,2008
28,Kaybolmayan Yillar / Arsiv Serisi Vol.1,Kaç Yıl Gecti Aradan,2008
29,Kaybolmayan Yillar / Arsiv Serisi Vol.1,Aşk,2008
30,Kaybolmayan Yillar / Arsiv Serisi Vol.1,Kime Kalmış Bu Dünya,2008
31,Kaybolmayan Yillar / Arsiv Serisi Vol.1,Neye Yarar,2008
32,Kaybolmayan Yillar / Arsiv Serisi Vol.1,Ben Dul Bir Kadınım,2008
33,Kaybolmayan Yillar / Arsiv Serisi Vol.1,Ud Taksimi,2008
34,Kaybolmayan Yillar / Arsiv Serisi Vol.1,Ölürsem Yazıktır,2008
35,Kaybolmayan Yillar / Arsiv Serisi Vol.1,Olmaz Ilaç,2008
36,Kaybolmayan Yillar / Arsiv Serisi Vol.1,Akasyalar Açarken,2008
37,Kaybolmayan Yillar / Arsiv Serisi Vol.1,Silemezler Gönlümden,2008
38,Kaybolmayan Yillar / Arsiv Serisi Vol.1,Karam,2008
39,Kaybolmayan Yillar / Arsiv Serisi Vol.1,07 Git... (1986),2008
40,Kaybolmayan Yillar / Arsiv Serisi Vol.1,Değer Mi?,2008
41,Kaybolmayan Yillar / Arsiv Serisi Vol.1,Git ...,2008
42,Kaybolmayan Yillar / Arsiv Serisi Vol.1,Beni Unutma,2008
43,Kaybolmayan Yillar / Arsiv Serisi Vol.1,Kolay Değil,2008
44,Kaybolmayan Yillar / Arsiv Serisi Vol.1,Ünzile,2008
45,Kaybolmayan Yillar / Arsiv Serisi Vol.1,Sonbahar ,2008
46,Kaybolmayan Yillar / Arsiv Serisi Vol.1,Ali ,2008
47,Kaybolmayan Yillar / Arsiv Serisi Vol.1,Ah Mazi,2008
48,Kaybolmayan Yillar / Arsiv Serisi Vol.1,Yanlızca Sitem,2008
49,Kaybolmayan Yillar / Arsiv Serisi Vol.1,08 Sezen Aksu '88 (1988),2008
50,Kaybolmayan Yillar / Arsiv Serisi Vol.1,Sarışın,2008
51,Kaybolmayan Yillar / Arsiv Serisi Vol.1,Geçer,2008
52,Kaybolmayan Yillar / Arsiv Serisi Vol.1,Sultan Suleyman,2008
53,Kaybolmayan Yillar / Arsiv Serisi Vol.1,El Gibi,2008
54,Kaybolmayan Yillar / Arsiv Serisi Vol.1,Unut ,2008
55,Kaybolmayan Yillar / Arsiv Serisi Vol.1,Oldu Mu,2008
56,Kaybolmayan Yillar / Arsiv Serisi Vol.1,Kavaklar,2008
57,Kaybolmayan Yillar / Arsiv Serisi Vol.1,Bir Çocuk Sevdim,2008
58,Kaybolmayan Yillar / Arsiv Serisi Vol.1,Hasret ,2008
59,Kaybolmayan Yillar / Arsiv Serisi Vol.1,Bir Kuş Ucur,2008
60,Kaybolmayan Yillar / Arsiv Serisi Vol.1,Hayır,2008
61,Kaybolmayan Yillar / Arsiv Serisi Vol.1,Seni Istiyorum,2008
62,Kaybolmayan Yillar / Arsiv Serisi Vol.1,09 Sezen Aksu Söylüyor (1989),2008
63,Kaybolmayan Yillar / Arsiv Serisi Vol.1,Bırak Beni ,2008
64,Kaybolmayan Yillar / Arsiv Serisi Vol.1,Şinanay,2008
65,Kaybolmayan Yillar / Arsiv Serisi Vol.1,Gidiyorum,2008
66,Kaybolmayan Yillar / Arsiv Serisi Vol.1,Son Bakış,2008
67,Kaybolmayan Yillar / Arsiv Serisi Vol.1,Yıllar Sonra,2008
68,Kaybolmayan Yillar / Arsiv Serisi Vol.1,Beni Kategorize Etme,2008
69,Kaybolmayan Yillar / Arsiv Serisi Vol.1,Belalım,2008
70,Kaybolmayan Yillar / Arsiv Serisi Vol.1,Kış Masalı,2008
71,Kaybolmayan Yillar / Arsiv Serisi Vol.1,Aynalar,2008
72,Kaybolmayan Yillar / Arsiv Serisi Vol.1,Istanbul Hatırası,2008
73,Kaybolmayan Yillar / Arsiv Serisi Vol.1,Zor Yıllar,2008
74,Kaybolmayan Yillar / Arsiv Serisi Vol.1,Gamsız,2008
75,Kaybolmayan Yillar / Arsiv Serisi Vol.1,10 Gülümse (1991),2008
76,Kaybolmayan Yillar / Arsiv Serisi Vol.1,Hadi Bakalım,2008
77,Kaybolmayan Yillar / Arsiv Serisi Vol.1,Tutsak ,2008
78,Kaybolmayan Yillar / Arsiv Serisi Vol.1,Ne Kavgam Bitti Ne Sevdam,2008
79,Kaybolmayan Yillar / Arsiv Serisi Vol.1,Gülümse,2008
80,Kaybolmayan Yillar / Arsiv Serisi Vol.1,Güllerim Soldu,2008
81,Kaybolmayan Yillar / Arsiv Serisi Vol.1,Vazgeçtim,2008
82,Kaybolmayan Yillar / Arsiv Serisi Vol.1,Her Şeyi Yak,2008
83,Kaybolmayan Yillar / Arsiv Serisi Vol.1,Namus,2008
84,Kaybolmayan Yillar / Arsiv Serisi Vol.1,Seni Kimler Aldı,2008
85,Kaybolmayan Yillar / Arsiv Serisi Vol.1,Değer Mi?,2008
